source,query,publisher,title,description,text,published_at,url,sentiment,sentiment_score,sentiment_risk,churn_signal
NewsAPI,Jio customer,The Times of India,Tap-and-pay takes off; ADIA to trim Lenskart stake,Happy Thursday! Tap-and-pay card usage is on the rise in India despite UPI's dominance. This and more in today’s ETtech Morning Dispatch.,Tap-and-pay takes off; ADIA to trim Lenskart stake Happy Thursday! Tap-and-pay card usage is on the rise in India despite UPI's dominance. This and more in today’s ETtech Morning Dispatch.,2026-06-11T01:28:46Z,https://economictimes.indiatimes.com/tech/newsletters/morning-dispatch/tap-and-pay-takes-off-adia-to-trim-lenskart-stake/articleshow/131646759.cms,Positive,0.527,0.0,False
NewsAPI,Jio customer,BusinessLine,"Sensex today | Stock Market Highlights: Sensex gains 395 pts, Nifty rises to 23,242; Indigo, SBI top gainers","Sensex, Nifty, Stock Price Highlights: Indian share benchmarks rose on ​Tuesday, led by lenders after the central bank detailed a ‌concessional forex swap facility for banks' overseas foreign-currency borrowings, while ​a pause in Israel-Iran hostilities help…","Sensex today | Stock Market Highlights: Sensex gains 395 pts, Nifty rises to 23,242; Indigo, SBI top gainers Sensex, Nifty, Stock Price Highlights: Indian share benchmarks rose on ​Tuesday, led by lenders after the central bank detailed a ‌concessional forex swap facility for banks' overseas foreign-currency borrowings, while ​a pause in Israel-Iran hostilities help…",2026-06-09T10:30:31Z,https://www.thehindubusinessline.com/markets/sensex-nifty50-today-stock-market-highlights-9th-june-2026/article71076430.ece,Positive,0.772,0.0,False
NewsAPI,Jio customer,The Times of India,Can Elon Musk do to US telecom what Mukesh Ambani did in India?,Elon Musk's Starlink is poised to disrupt American telecom giants like AT&T and Verizon. Analysts believe Starlink could change how connectivity is delivered and who controls it. SpaceX's satellite internet service is evolving into a mainstream platform. This…,Can Elon Musk do to US telecom what Mukesh Ambani did in India? Elon Musk's Starlink is poised to disrupt American telecom giants like AT&T and Verizon. Analysts believe Starlink could change how connectivity is delivered and who controls it. SpaceX's satellite internet service is evolving into a mainstream platform. This…,2026-06-05T15:50:47Z,https://economictimes.indiatimes.com/news/international/business/can-elon-musk-do-to-us-telecom-what-mukesh-ambani-did-in-india/articleshow/131535861.cms,Positive,0.542,0.0,False
NewsAPI,Jio customer,The Times of India,Telcos urge TRAI to regulate OTT apps as spam shifts online,Telecom firms report most spam now bypasses regulations via internet apps. They urge the regulator to bring these platforms under control. OTT providers counter that their oversight falls under a different ministry. Discussions are ongoing regarding new rules…,Telcos urge TRAI to regulate OTT apps as spam shifts online Telecom firms report most spam now bypasses regulations via internet apps. They urge the regulator to bring these platforms under control. OTT providers counter that their oversight falls under a different ministry. Discussions are ongoing regarding new rules…,2026-06-04T10:05:39Z,https://economictimes.indiatimes.com/industry/telecom/telecom-policy/telcos-urge-trai-to-regulate-ott-apps-as-spam-shifts-online/articleshow/131503786.cms,Negative,-0.612,61.2,True
NewsAPI,Jio customer,Livemint,"Israeli startup Coralogix raises $200 mn, to allocate 20% to India biz","Coralogix, which had entered India in 2020, had announced that it would invest $30 million over three years into the country.","Israeli startup Coralogix raises $200 mn, to allocate 20% to India biz Coralogix, which had entered India in 2020, had announced that it would invest $30 million over three years into the country.",2026-06-03T15:36:26Z,https://www.livemint.com/companies/news/israeli-startup-coralogix-fundraise-india-biz-ai-11780485348282.html,Neutral,0.0,25.0,False
NewsAPI,Jio customer,The Indian Express,"Mukesh Ambani praises Ranveer Singh’s Rs 3,000 cr Dhurandhar: ‘40% of India’s box office’",Mukesh Ambani also took pride in the franchise's unconventional production and release model.,"Mukesh Ambani praises Ranveer Singh’s Rs 3,000 cr Dhurandhar: ‘40% of India’s box office’ Mukesh Ambani also took pride in the franchise's unconventional production and release model.",2026-06-03T11:13:11Z,https://indianexpress.com/article/entertainment/bollywood/mukesh-ambani-jio-studios-ranveer-singh-dhurandhar-box-office-rs-3000-cr-box-office-10721908/,Positive,0.7,0.0,False
NewsAPI,Jio customer,The Times of India,TRAI's early assessment suggests new Airtel Priority plans do not violate net neutrality norms,"TRAI is diving deep into Airtel's latest Priority Postpaid plans that promise to utilize 5G network slicing for an elevated user experience. Early indications show that there's no infringement of net neutrality. Still, TRAI is on a mission to guarantee that a…","TRAI's early assessment suggests new Airtel Priority plans do not violate net neutrality norms TRAI is diving deep into Airtel's latest Priority Postpaid plans that promise to utilize 5G network slicing for an elevated user experience. Early indications show that there's no infringement of net neutrality. Still, TRAI is on a mission to guarantee that a…",2026-06-02T15:50:45Z,https://economictimes.indiatimes.com/industry/telecom/trais-early-assessment-suggests-new-airtel-priority-plans-do-not-violate-net-neutrality-norms/articleshow/131467176.cms,Positive,0.233,0.0,False
NewsAPI,Jio customer,Livemint,Another conglomerate sets eyes on India's wealth market,"Godrej Investments launched its wealth management arm, Godrej Wealth, to target India's affluent population. Kunal Karnani is appointed CEO, with a goal of reaching ₹1 trillion in assets by 2031.&nbsp;","Another conglomerate sets eyes on India's wealth market Godrej Investments launched its wealth management arm, Godrej Wealth, to target India's affluent population. Kunal Karnani is appointed CEO, with a goal of reaching ₹1 trillion in assets by 2031.&nbsp;",2026-06-02T13:31:54Z,https://www.livemint.com/companies/news/conglomerate-indias-wealth-market-godrej-industries-group-financial-services-pirojsha-godrej-godrej-wealth-11780397510643.html,Positive,0.912,0.0,False
NewsAPI,Jio customer,Livemint,Airtel’s priority plan may not be in breach of net-neutrality norms: officials,"The Telecom Regulatory Authority of India (Trai) will continue to scrutinize whether the same affects the service quality for non-priority users, these officials told Mint on condition of anonymity.","Airtel’s priority plan may not be in breach of net-neutrality norms: officials The Telecom Regulatory Authority of India (Trai) will continue to scrutinize whether the same affects the service quality for non-priority users, these officials told Mint on condition of anonymity.",2026-06-01T17:17:19Z,https://www.livemint.com/companies/news/airtels-priority-plan-may-not-be-in-breach-of-net-neutrality-norms-officials-11780326393488.html,Positive,0.077,0.0,False
NewsAPI,Jio customer,Livemint,"In a likely sign of the times, RIL's new hires down by 90k in FY26","Reliance Industries' hiring in FY26 is likely to have been 90,000 lower, signalling a broader shift at large companies towards AI-led productivity, upskilling and leaner teams. While the overall headcount continues to grow, recruiters expect hiring across cor…","In a likely sign of the times, RIL's new hires down by 90k in FY26 Reliance Industries' hiring in FY26 is likely to have been 90,000 lower, signalling a broader shift at large companies towards AI-led productivity, upskilling and leaner teams. While the overall headcount continues to grow, recruiters expect hiring across cor…",2026-06-01T00:05:30Z,https://www.livemint.com/companies/ril-hiring-hr-attrition-recruitment-ai-11780210285270.html,Negative,-0.296,29.6,True
NewsAPI,Jio customer,BusinessLine,Reliance Digital is All Set to AI-fy India with the Boot Up 2026 Campaign,Reliance Digital is All Set to AI-fy India with the Boot Up 2026 Campaign,Reliance Digital is All Set to AI-fy India with the Boot Up 2026 Campaign Reliance Digital is All Set to AI-fy India with the Boot Up 2026 Campaign,2026-05-30T09:12:53Z,https://www.thehindubusinessline.com/brandhub/reliance-digital-is-all-set-to-ai-fy-india-with-the-boot-up-2026-campaign/article71038711.ece,Neutral,0.0,25.0,False
NewsAPI,Jio customer,The Indian Express,What is network slicing and does Airtel’s new preferential 5G plan violate net neutrality?,"This separate virtual segment within Airtel’s 5G network will allow eligible postpaid subscribers to experience more stable connectivity even in crowded locations such as stadiums, airports, concerts and busy markets. But should premium users (read postpaid) …","What is network slicing and does Airtel’s new preferential 5G plan violate net neutrality? This separate virtual segment within Airtel’s 5G network will allow eligible postpaid subscribers to experience more stable connectivity even in crowded locations such as stadiums, airports, concerts and busy markets. But should premium users (read postpaid) …",2026-05-30T02:00:10Z,https://indianexpress.com/article/explained/explained-sci-tech/what-is-network-slicing-and-does-airtels-new-preferential-5g-plan-violate-net-neutrality-10714256/,Neutral,0.025,25.0,True
NewsAPI,Jio customer,Unbiasthenews.com,Show HN: Simple news aggregator with source bias meters,"Article URL: https://unbiasthenews.com
Comments URL: https://news.ycombinator.com/item?id=48327194
Points: 2
# Comments: 0","Show HN: Simple news aggregator with source bias meters Article URL: https://unbiasthenews.com
Comments URL: https://news.ycombinator.com/item?id=48327194
Points: 2
# Comments: 0",2026-05-29T18:21:24Z,https://unbiasthenews.com,Negative,-0.103,10.3,False
NewsAPI,Jio customer,BusinessLine,Reliance bets big on AI to drive next phase of growth for entertainment business,"Reliance Media Entertainment vertical, which includes JioStar, Jio Studios, and Network18, delivered record-breaking metrics in viewership, engagement and monetisation in FY26 with revenue from operations at ₹34,917 crore","Reliance bets big on AI to drive next phase of growth for entertainment business Reliance Media Entertainment vertical, which includes JioStar, Jio Studios, and Network18, delivered record-breaking metrics in viewership, engagement and monetisation in FY26 with revenue from operations at ₹34,917 crore",2026-05-29T05:30:13Z,https://www.thehindubusinessline.com/companies/reliance-bets-big-on-ai-to-drive-next-phase-of-growth-for-entertainment-business/article71035834.ece,Positive,0.881,0.0,False
NewsAPI,Jio customer,MediaNama.com,Swiggy scales back quick-commerce spending in push for profitability,"Swiggy is pulling back from aggressive discount wars in India’s quick-commerce sector and shifting its focus toward profitability and customer retention.
The post Swiggy scales back quick-commerce spending in push for profitability appeared first on MEDIANAMA.","Swiggy scales back quick-commerce spending in push for profitability Swiggy is pulling back from aggressive discount wars in India’s quick-commerce sector and shifting its focus toward profitability and customer retention.
The post Swiggy scales back quick-commerce spending in push for profitability appeared first on MEDIANAMA.",2026-05-29T05:28:59Z,https://www.medianama.com/2026/05/223-swiggy-prioritises-profitability-over-quick-commerce-discounts/,Neutral,0.026,25.0,False
NewsAPI,Jio customer,BusinessLine,Priority 5G service sparks new telecom war,"India’s top telecom operators are sharply divided over the future of 5G monetisation, with Bharti Airtel and Reliance Jio backing premium priority services for high-paying subscribers, while Vodafone Idea (Vi) has opposed the move, warning against the creatio…","Priority 5G service sparks new telecom war India’s top telecom operators are sharply divided over the future of 5G monetisation, with Bharti Airtel and Reliance Jio backing premium priority services for high-paying subscribers, while Vodafone Idea (Vi) has opposed the move, warning against the creatio…",2026-05-28T15:17:51Z,https://www.thehindubusinessline.com/news/priority-5g-service-sparks-new-telecom-war/article71034246.ece,Negative,-0.66,66.0,False
NewsAPI,Jio customer,Livemint,Trai quizzes Airtel over ‘fast lane’ 5G plans amid net neutrality concerns,Trai has sought clarity from Airtel on its Priority Postpaid service as the telecom industry debates whether premium 5G lanes could disadvantage prepaid users.,Trai quizzes Airtel over ‘fast lane’ 5G plans amid net neutrality concerns Trai has sought clarity from Airtel on its Priority Postpaid service as the telecom industry debates whether premium 5G lanes could disadvantage prepaid users.,2026-05-28T12:00:43Z,https://www.livemint.com/industry/telecom/trai-scrutinises-airtel-5g-priority-postpaid-plans-11779957730142.html,Neutral,-0.026,25.0,False
NewsAPI,Jio customer,The Times of India,"Reliance Jio IPO soon? Mukesh Ambani to provide update on $4 bn public issue at upcoming AGM, says report",Mukesh Ambani is expected to share an update on Jio Platforms’ anticipated IPO at Reliance Industries’ June 19 AGM. Reports suggest Reliance is shifting towards a fresh issue structure to protect retail investors and strengthen Jio’s long-term growth and tran…,"Reliance Jio IPO soon? Mukesh Ambani to provide update on $4 bn public issue at upcoming AGM, says report Mukesh Ambani is expected to share an update on Jio Platforms’ anticipated IPO at Reliance Industries’ June 19 AGM. Reports suggest Reliance is shifting towards a fresh issue structure to protect retail investors and strengthen Jio’s long-term growth and tran…",2026-05-28T10:40:31Z,https://economictimes.indiatimes.com/markets/stocks/news/reliance-jio-ipo-soon-mukesh-ambani-to-provide-update-on-4-bn-public-issue-at-upcoming-agm-says-report/articleshow/131368320.cms,Positive,0.875,0.0,True
NewsAPI,Airtel network,BusinessLine,Vodafone Idea revives mobile network from Aarey JVLR to Acharya Atre Chowk on Mumbai Metro’s Aqua Line,"Vodafone Idea restores mobile network across 16 Mumbai Metro Aqua Line 3 stations, enhancing connectivity for commuters.","Vodafone Idea revives mobile network from Aarey JVLR to Acharya Atre Chowk on Mumbai Metro’s Aqua Line Vodafone Idea restores mobile network across 16 Mumbai Metro Aqua Line 3 stations, enhancing connectivity for commuters.",2026-06-11T03:29:36Z,https://www.thehindubusinessline.com/news/national/vodafone-idea-revives-mobile-network-from-aarey-jvlr-to-acharya-atre-chowk-on-mumbai-metros-aqua-line-3/article71087547.ece,Positive,0.586,0.0,False
NewsAPI,Airtel network,The Times of India,Airtel to continue its postpaid plan despite backlash over 'slicing',"Bharti Airtel has renamed its ""Priority postpaid plan"" to ""Postpaid Fast Lane"". The company continues to offer enhanced network service to its postpaid users. Airtel states the new plan has received a satisfying response. The company has no plans to withdraw …","Airtel to continue its postpaid plan despite backlash over 'slicing' Bharti Airtel has renamed its ""Priority postpaid plan"" to ""Postpaid Fast Lane"". The company continues to offer enhanced network service to its postpaid users. Airtel states the new plan has received a satisfying response. The company has no plans to withdraw …",2026-06-10T19:13:39Z,https://economictimes.indiatimes.com/industry/telecom/telecom-news/airtel-to-continue-its-postpaid-plan-despite-backlash-over-slicing/articleshow/131643644.cms,Positive,0.202,0.0,False
NewsAPI,Airtel network,BusinessLine,Airtel rechristens ‘Priority Postpaid’ services to ‘Fast Lane’,"Company defends saying it does not violate net neutrality and customers are provided services in a simple, transparent, and ubiquitous way","Airtel rechristens ‘Priority Postpaid’ services to ‘Fast Lane’ Company defends saying it does not violate net neutrality and customers are provided services in a simple, transparent, and ubiquitous way",2026-06-10T13:16:34Z,https://www.thehindubusinessline.com/news/airtel-rechristens-prioritypostpaid-services-to-fast-lane/article71084890.ece,Positive,0.388,0.0,False
NewsAPI,Airtel network,BusinessLine,"Bharti Airtel deploys over 2,900 new 5G sites across northern India","The expansion covers 77 districts and provides high-speed services to over 28.6 million customers, including those in urban centres, towns and rural areas","Bharti Airtel deploys over 2,900 new 5G sites across northern India The expansion covers 77 districts and provides high-speed services to over 28.6 million customers, including those in urban centres, towns and rural areas",2026-06-10T11:29:48Z,https://www.thehindubusinessline.com/info-tech/bharti-airtel-deploys-over-2900-new-5g-sites-across-northern-india/article71084569.ece,Neutral,0.0,25.0,False
NewsAPI,Airtel network,Livemint,Airtel rebrands Priority Postpaid as Fast Lane,Airtel launched Priority Postpaid on May 19 promising consistent speed even in crowded markets for postpaid customers. Airtel promised that it will provide a fast lane to subscribers even during peak traffic time by dynamically separating a portion of the net…,Airtel rebrands Priority Postpaid as Fast Lane Airtel launched Priority Postpaid on May 19 promising consistent speed even in crowded markets for postpaid customers. Airtel promised that it will provide a fast lane to subscribers even during peak traffic time by dynamically separating a portion of the net…,2026-06-10T11:11:04Z,https://www.livemint.com/industry/telecom/airtel-rebrands-priority-postpaid-as-fast-lane-11781089510215.html,Positive,0.802,0.0,True
NewsAPI,Airtel network,BusinessLine,"Sensex today | Stock Market Highlights: Sensex, Nifty end flat as early gains fade; gold prices slide sharply","Sensex Today, Nifty 50 | Stock Market Highlights: Indian equity markets ended largely flat on Wednesday after erasing early gains. The BSE Sensex closed 64.42 points, or 0.09%, higher at 73,983.18, while the Nifty 50 declined 27.15 points, or 0.12%, to settle…","Sensex today | Stock Market Highlights: Sensex, Nifty end flat as early gains fade; gold prices slide sharply Sensex Today, Nifty 50 | Stock Market Highlights: Indian equity markets ended largely flat on Wednesday after erasing early gains. The BSE Sensex closed 64.42 points, or 0.09%, higher at 73,983.18, while the Nifty 50 declined 27.15 points, or 0.12%, to settle…",2026-06-10T10:37:18Z,https://www.thehindubusinessline.com/markets/sensex-nifty50-today-stock-market-highlights-10th-june-2026/article71081121.ece,Positive,0.898,0.0,False
NewsAPI,Airtel network,BusinessLine,Airtel rebrands controversial Priority Postpaid as Fast Lane,"Bharti Airtel has rebranded its Priority Postpaid service, which triggered net neutrality debate, as Fast Lane service, extending the promise of faster connectivity to postpaid users, the company said on Wednesday.","Airtel rebrands controversial Priority Postpaid as Fast Lane Bharti Airtel has rebranded its Priority Postpaid service, which triggered net neutrality debate, as Fast Lane service, extending the promise of faster connectivity to postpaid users, the company said on Wednesday.",2026-06-10T10:33:19Z,https://www.thehindubusinessline.com/info-tech/airtel-rebrands-controversial-priority-postpaid-as-fast-lane/article71084426.ece,Positive,0.128,0.0,False
NewsAPI,Airtel network,The Times of India,"Airtel expands 5G footprint, rebrands Priority Postpaid as Fast Lane","Bharti Airtel is expanding its 5G network across northern India, adding over 2,900 new sites. The company has also rebranded its Priority Postpaid service to 'Fast Lane'. This service offers enhanced network performance for eligible postpaid users. The move h…","Airtel expands 5G footprint, rebrands Priority Postpaid as Fast Lane Bharti Airtel is expanding its 5G network across northern India, adding over 2,900 new sites. The company has also rebranded its Priority Postpaid service to 'Fast Lane'. This service offers enhanced network performance for eligible postpaid users. The move h…",2026-06-10T10:29:27Z,https://economictimes.indiatimes.com/industry/telecom/airtel-expands-5g-footprint-rebrands-priority-postpaid-as-fast-lane/articleshow/131632359.cms,Positive,0.103,0.0,False
NewsAPI,Airtel network,MediaNama.com,Report: Govt withholds Starlink clearances over security concerns; company denies claim,"Starlink's final approvals in India are reportedly on hold as authorities examine security concerns linked to foreign satellite operators.
The post Report: Govt withholds Starlink clearances over security concerns; company denies claim appeared first on MEDIA…","Report: Govt withholds Starlink clearances over security concerns; company denies claim Starlink's final approvals in India are reportedly on hold as authorities examine security concerns linked to foreign satellite operators.
The post Report: Govt withholds Starlink clearances over security concerns; company denies claim appeared first on MEDIA…",2026-06-10T07:28:04Z,https://www.medianama.com/2026/06/223-starlink-india-approval-freeze-security-concerns/,Positive,0.153,0.0,True
NewsAPI,Airtel network,Economictimes.com,"Brokerages initiate coverage on Meesho, Bharti Airtel, 6 other stocks with up to 33% upside. Do you own any?","Brokerages have initiated coverage on eight Indian stocks, including Bharti Airtel and CG Power, with potential upside ranging up to 33%. Analysts are bullish on most of these companies, citing factors like network quality, capacity expansion, and diversified…","Brokerages initiate coverage on Meesho, Bharti Airtel, 6 other stocks with up to 33% upside. Do you own any? Brokerages have initiated coverage on eight Indian stocks, including Bharti Airtel and CG Power, with potential upside ranging up to 33%. Analysts are bullish on most of these companies, citing factors like network quality, capacity expansion, and diversified…",2026-06-10T04:52:16Z,https://m.economictimes.com/markets/stocks/news/brokerages-initiate-coverage-on-meesho-bharti-airtel-6-other-stocks-with-up-to-33-upside-do-you-own-any/bullish-signals/slideshow/131625609.cms,Positive,0.361,0.0,False
NewsAPI,Airtel network,Crypto Briefing,India freezes Starlink approvals over Iran war concerns,"India's freeze on Starlink approvals highlights the geopolitical complexities impacting global satellite communications and market access.
The post India freezes Starlink approvals over Iran war concerns appeared first on Crypto Briefing.","India freezes Starlink approvals over Iran war concerns India's freeze on Starlink approvals highlights the geopolitical complexities impacting global satellite communications and market access.
The post India freezes Starlink approvals over Iran war concerns appeared first on Crypto Briefing.",2026-06-09T18:50:50Z,https://cryptobriefing.com/india-freezes-starlink-approvals-iran-concerns/,Negative,-0.832,83.2,False
NewsAPI,Airtel network,BusinessLine,"Jio, Airtel, VIL oppose to separate service permit for V2V/ V2X communication","All three private telcos have unanimously said that India’s V2X ecosystem should be built on licensed spectrum integrated with existing 4G/ 5G IMT networks, so that deployments are secure, scalable, interoperable and capable of meeting stringent safety and qu…","Jio, Airtel, VIL oppose to separate service permit for V2V/ V2X communication All three private telcos have unanimously said that India’s V2X ecosystem should be built on licensed spectrum integrated with existing 4G/ 5G IMT networks, so that deployments are secure, scalable, interoperable and capable of meeting stringent safety and qu…",2026-06-09T10:14:10Z,https://www.thehindubusinessline.com/info-tech/jio-airtel-vil-oppose-to-separate-service-permit-for-v2v-v2x-communication/article71080248.ece,Positive,0.778,0.0,False
NewsAPI,Airtel network,The Times of India,Road safety tech plan hit by telcos-auto turf war,"India's ambitious V2X deployment faces a major hurdle as telecom operators, tech firms, and auto bodies clash over control. Disagreements over licensing, spectrum, and mandatory testing threaten to delay the life-saving technology aimed at reducing road fatal…","Road safety tech plan hit by telcos-auto turf war India's ambitious V2X deployment faces a major hurdle as telecom operators, tech firms, and auto bodies clash over control. Disagreements over licensing, spectrum, and mandatory testing threaten to delay the life-saving technology aimed at reducing road fatal…",2026-06-08T18:24:55Z,https://economictimes.indiatimes.com/industry/telecom/telecom-news/road-safety-tech-plan-hit-by-telcos-auto-turf-war/articleshow/131595181.cms,Negative,-0.66,66.0,False
NewsAPI,Airtel network,Bigcapitalintel.com,How MTN One TV plans to distribute digital entertainment across Africa amid established competitors,"Source: MTN MTN One TV is MTN Group's comprehensive video streaming platform that is entering a highly competitive and rapidly evolving Over-The-Top (OTT) market. Although, MTN plans to use the streaming service to expand digital entertainment …","How MTN One TV plans to distribute digital entertainment across Africa amid established competitors Source: MTN MTN One TV is MTN Group's comprehensive video streaming platform that is entering a highly competitive and rapidly evolving Over-The-Top (OTT) market. Although, MTN plans to use the streaming service to expand digital entertainment …",2026-06-08T17:15:52Z,https://www.bigcapitalintel.com/2026/06/mtn-one-tv-competitive-landscape.html,Positive,0.872,0.0,False
NewsAPI,Airtel network,BusinessLine,"Bombay HC quashes one-time spectrum charge for Vodafone Idea, Bharti Airtel",The court said that the Centre has failed to justify any authoritative power in levying the charges and altering the financial terms of the telecom licences as an afterthought,"Bombay HC quashes one-time spectrum charge for Vodafone Idea, Bharti Airtel The court said that the Centre has failed to justify any authoritative power in levying the charges and altering the financial terms of the telecom licences as an afterthought",2026-06-08T16:12:28Z,https://www.thehindubusinessline.com/info-tech/bombay-hc-quashes-one-time-spectrum-charge-for-vodafone-idea-bharti-airtel/article71077724.ece,Negative,-0.66,66.0,False
NewsAPI,Airtel network,The Times of India,"5,300 of 36,000 Indian SIMs used in Cambodia for Rs 100-crore cyber fraud in India",Enforcement Directorate uncovered a massive cyber fraud network. Thousands of Indian SIM cards were activated fraudulently. These SIMs were then used from Cambodia to commit financial crimes across India. The agency has identified key individuals involved in …,"5,300 of 36,000 Indian SIMs used in Cambodia for Rs 100-crore cyber fraud in India Enforcement Directorate uncovered a massive cyber fraud network. Thousands of Indian SIM cards were activated fraudulently. These SIMs were then used from Cambodia to commit financial crimes across India. The agency has identified key individuals involved in …",2026-06-08T15:55:29Z,https://economictimes.indiatimes.com/news/india/5300-of-36000-indian-sims-used-in-cambodia-for-rs-100-crore-cyber-fraud-in-india/articleshow/131591714.cms,Negative,-0.751,75.1,False
NewsAPI,Airtel network,Seclists.org,Weekly Global IPv4 Routing Table Report,"Posted by Routing Table Analysis Role Account via NANOG on Jun 05This is an automated weekly mailing describing the state of the Global
IPv4 Routing Table as seen from APNIC's router in Japan.

The posting is sent to APOPS, NANOG, AfNOG, SANOG, PacNOG, SAFNOG…","Weekly Global IPv4 Routing Table Report Posted by Routing Table Analysis Role Account via NANOG on Jun 05This is an automated weekly mailing describing the state of the Global
IPv4 Routing Table as seen from APNIC's router in Japan.

The posting is sent to APOPS, NANOG, AfNOG, SANOG, PacNOG, SAFNOG…",2026-06-05T18:04:02Z,https://seclists.org/nanog/2026/Jun/19,Neutral,0.0,25.0,True
NewsAPI,Airtel network,Mergersandinquisitions.com,SpaceX Valuation: The “Bad Elden Ring Build” of IPOs,"When I think about the SpaceX valuation in its IPO, the first thought that comes to mind is Elon Musk’s laughable character build in Elden Ring. After its release in 2022, Elden Ring became a smash-hit success, selling 30+ million copies despite being a very …","SpaceX Valuation: The “Bad Elden Ring Build” of IPOs When I think about the SpaceX valuation in its IPO, the first thought that comes to mind is Elon Musk’s laughable character build in Elden Ring. After its release in 2022, Elden Ring became a smash-hit success, selling 30+ million copies despite being a very …",2026-06-03T15:11:27Z,https://mergersandinquisitions.com/spacex-valuation/,Positive,0.599,0.0,False
NewsAPI,Vi Vodafone Idea,BusinessLine,Bombay HC decision eases interest pressure for telcos: experts,"Bombay HC’s ruling on one-time spectrum charges relieves interest pressure for telcos, benefiting Vodafone Idea and improving industry sentiment.","Bombay HC decision eases interest pressure for telcos: experts Bombay HC’s ruling on one-time spectrum charges relieves interest pressure for telcos, benefiting Vodafone Idea and improving industry sentiment.",2026-06-09T16:03:24Z,https://www.thehindubusinessline.com/info-tech/bombay-hc-decision-eases-interest-pressure-for-telcos-experts/article71081950.ece,Positive,0.796,0.0,False
NewsAPI,Vi Vodafone Idea,The Times of India,"HC quashes ₹23,600 cr retrospective spectrum dues on Airtel, Voda Idea","The Bombay High Court has cancelled spectrum charges of approximately 23,600 crore rupees for Bharti Airtel and Vodafone Idea. The court ruled the government could not retrospectively impose these charges for the period between 2008 and 2012. This decision re…","HC quashes ₹23,600 cr retrospective spectrum dues on Airtel, Voda Idea The Bombay High Court has cancelled spectrum charges of approximately 23,600 crore rupees for Bharti Airtel and Vodafone Idea. The court ruled the government could not retrospectively impose these charges for the period between 2008 and 2012. This decision re…",2026-06-08T18:21:11Z,https://economictimes.indiatimes.com/industry/telecom/telecom-news/hc-quashes-23600-cr-retrospective-spectrum-dues-on-airtel-voda-idea/articleshow/131595076.cms,Negative,-0.513,51.3,True
NewsAPI,Vi Vodafone Idea,Livemint,"Airtel, Vi eye over ₹24,000 crore relief as Bombay HC quashes govt's spectrum fee demand","While the Bombay High Court has now quashed the demands against Airtel and Vodafone Idea, the broader legal battle over OTSC remains pending before the Supreme Court through multiple parallel proceedings.","Airtel, Vi eye over ₹24,000 crore relief as Bombay HC quashes govt's spectrum fee demand While the Bombay High Court has now quashed the demands against Airtel and Vodafone Idea, the broader legal battle over OTSC remains pending before the Supreme Court through multiple parallel proceedings.",2026-06-08T15:42:35Z,https://www.livemint.com/companies/news/airtel-vodafone-idea-24-000-crore-relief-bombay-hc-quashes-spectrum-fee-11780929401802.html,Positive,0.625,0.0,False
NewsAPI,Vi Vodafone Idea,The Times of India,Telecom revenue growth may slip to single digits without tariff hike,Telecom revenue growth may slow to single digits this year without tariff increases. Operators are delaying hikes due to inflation. A potential 15% mobile tariff rise by the second quarter could boost sector revenue. This would translate to a ₹50 increase for…,Telecom revenue growth may slip to single digits without tariff hike Telecom revenue growth may slow to single digits this year without tariff increases. Operators are delaying hikes due to inflation. A potential 15% mobile tariff rise by the second quarter could boost sector revenue. This would translate to a ₹50 increase for…,2026-06-07T20:54:04Z,https://economictimes.indiatimes.com/industry/telecom/telecom-revenue-growth-may-slip-to-single-digits-without-tariff-hike/articleshow/131573796.cms,Positive,0.848,0.0,False
NewsAPI,Vi Vodafone Idea,Newsdrum.in,Voda Idea launches silent mobile verification for its subscribers using Meta platforms,"Vodafone Idea on Thursday announced the launch of silent mobile verification (SMV) capabilities for its subscribers across Meta platforms - WhatsApp, Facebook ...","Voda Idea launches silent mobile verification for its subscribers using Meta platforms Vodafone Idea on Thursday announced the launch of silent mobile verification (SMV) capabilities for its subscribers across Meta platforms - WhatsApp, Facebook ...",2026-06-04T11:24:02Z,https://www.newsdrum.in/business/voda-idea-launches-silent-mobile-verification-for-its-subscribers-using-meta-platforms-12001095,Neutral,0.0,25.0,False
NewsAPI,Vi Vodafone Idea,BusinessLine,"Sensex today | Stock Market Highlights: Sensex, Nifty end flat after weak open; Sensex up 14 pts, Nifty gains 11 pts","Sensex, Nifty, Stock Price Highlights: After a negative opening, benchmarks ended flat. Sensex was up 13.84 pts or 0.02% to end at 74,360.01, Nifty 50 inched up 10.95 pts or 0.05% to 23,416.55.","Sensex today | Stock Market Highlights: Sensex, Nifty end flat after weak open; Sensex up 14 pts, Nifty gains 11 pts Sensex, Nifty, Stock Price Highlights: After a negative opening, benchmarks ended flat. Sensex was up 13.84 pts or 0.02% to end at 74,360.01, Nifty 50 inched up 10.95 pts or 0.05% to 23,416.55.",2026-06-04T10:41:38Z,https://www.thehindubusinessline.com/markets/sensex-nifty50-today-stock-market-highlights-4th-june-2026/article71056600.ece,Positive,0.681,0.0,False
NewsAPI,Vi Vodafone Idea,The Times of India,Vodafone Idea shares rally 7% to fresh 52-week high despite market crash. What's behind the surge?,"Vodafone Idea shares surged nearly 7% to a new 52-week high after ICRA upgraded the telecom operator’s rating and revised its outlook. Investor sentiment was further boosted by lower AGR dues, promoter support from the Aditya Birla Group and Citi removing its…","Vodafone Idea shares rally 7% to fresh 52-week high despite market crash. What's behind the surge? Vodafone Idea shares surged nearly 7% to a new 52-week high after ICRA upgraded the telecom operator’s rating and revised its outlook. Investor sentiment was further boosted by lower AGR dues, promoter support from the Aditya Birla Group and Citi removing its…",2026-06-03T09:22:53Z,https://economictimes.indiatimes.com/markets/stocks/news/vodafone-idea-shares-rally-7-to-fresh-52-week-high-despite-market-crash-whats-behind-the-surge/articleshow/131480762.cms,Positive,0.874,0.0,True
NewsAPI,Vi Vodafone Idea,BusinessLine,"Top Business & Market Headlines Today — BL Morning Report, May 29, 2026","BL Morning Report May 29, 2026: Get today’s top business news, market headlines about the Stock Market, Sensex & Nifty trends, key market insights, economic highlights, and the latest updates from India and global markets.","Top Business & Market Headlines Today — BL Morning Report, May 29, 2026 BL Morning Report May 29, 2026: Get today’s top business news, market headlines about the Stock Market, Sensex & Nifty trends, key market insights, economic highlights, and the latest updates from India and global markets.",2026-05-28T16:46:33Z,https://www.thehindubusinessline.com/multimedia/audio/top-business-market-headlines-today-bl-morning-report-may-29-2026/article71034535.ece,Positive,0.924,0.0,True
NewsAPI,Vi Vodafone Idea,BusinessLine,"Vi mocks Airtel’s ‘Priority Postpaid’ plans, encourages network switch","Vodafone Idea has started an online campaign encouraging people to “change to Vi” accompanied with slogans like “No more, no less but equal network to all” and “Strong Network. Sabka Haq.”","Vi mocks Airtel’s ‘Priority Postpaid’ plans, encourages network switch Vodafone Idea has started an online campaign encouraging people to “change to Vi” accompanied with slogans like “No more, no less but equal network to all” and “Strong Network. Sabka Haq.”",2026-05-28T08:43:12Z,https://www.thehindubusinessline.com/info-tech/vi-mocks-airtels-priority-postpaid-plans-encourages-network-switch/article71032588.ece,Positive,0.285,0.0,True
NewsAPI,Vi Vodafone Idea,The Times of India,Vodafone Idea counters Airtel’s priority plan with everyone matters campaign,"Vodafone Idea has launched a campaign promising equal network priority for all its users, directly opposing Bharti Airtel's new Priority Postpaid plan. Vi's CMO stated that preferential treatment raises questions about equity in the digital ecosystem. The com…","Vodafone Idea counters Airtel’s priority plan with everyone matters campaign Vodafone Idea has launched a campaign promising equal network priority for all its users, directly opposing Bharti Airtel's new Priority Postpaid plan. Vi's CMO stated that preferential treatment raises questions about equity in the digital ecosystem. The com…",2026-05-28T06:58:10Z,https://economictimes.indiatimes.com/industry/telecom/vodafone-idea-counters-airtels-priority-plan-with-everyone-matters-campaign/articleshow/131364601.cms,Positive,0.511,0.0,False
NewsAPI,Vi Vodafone Idea,The Times of India,"Telecom industry divided on Airtel's 5G priority plan; Jio, Vi call for regulatory clarity",Bharti Airtel's new priority 5G service for postpaid customers is causing a stir. Rivals Vodafone Idea and Reliance Jio are calling for regulatory review. Authorities are examining if the plan adheres to net neutrality rules. The focus is on ensuring prepaid …,"Telecom industry divided on Airtel's 5G priority plan; Jio, Vi call for regulatory clarity Bharti Airtel's new priority 5G service for postpaid customers is causing a stir. Rivals Vodafone Idea and Reliance Jio are calling for regulatory review. Authorities are examining if the plan adheres to net neutrality rules. The focus is on ensuring prepaid …",2026-05-26T19:29:33Z,https://economictimes.indiatimes.com/industry/telecom/telecom-industry-divided-on-airtels-5g-priority-plan-jio-vi-call-for-regulatory-clarity/articleshow/131336814.cms,Positive,0.586,0.0,False
NewsAPI,Vi Vodafone Idea,Moneycontrol,"Indus Towers stock gets CLSA's high-conviction 'Outperform' call; brokerage sees tenancy growth driven by Airtel, Vi","CLSA expects Indus Towers' tenancy growth momentum to continue over the next few years, driving earnings growth for the telecom infrastructure company.","Indus Towers stock gets CLSA's high-conviction 'Outperform' call; brokerage sees tenancy growth driven by Airtel, Vi CLSA expects Indus Towers' tenancy growth momentum to continue over the next few years, driving earnings growth for the telecom infrastructure company.",2026-05-26T04:10:34Z,https://www.moneycontrol.com/news/business/stocks/indus-towers-stock-gets-clsa-s-high-conviction-outperform-call-brokerage-sees-tenancy-growth-driven-by-airtel-vi-13930837.html,Positive,0.778,0.0,False
NewsAPI,Vi Vodafone Idea,The Times of India,"Vi shares double investments in 1 year. Here’s what analysts from Macquarie, JPMorgan, other global brokerages say","Vodafone Idea shares have surged over 100% in a year. Analysts from Macquarie, JPMorgan, and other global brokerages offer mixed views. While some see potential catalysts like government support and promoter infusion, many highlight significant challenges. Ke…","Vi shares double investments in 1 year. Here’s what analysts from Macquarie, JPMorgan, other global brokerages say Vodafone Idea shares have surged over 100% in a year. Analysts from Macquarie, JPMorgan, and other global brokerages offer mixed views. While some see potential catalysts like government support and promoter infusion, many highlight significant challenges. Ke…",2026-05-20T06:28:19Z,https://economictimes.indiatimes.com/markets/stocks/news/vi-shares-double-investments-in-1-year-heres-what-analysts-from-macquarie-jpmorgan-other-global-brokerages-say/articleshow/131218677.cms,Positive,0.902,0.0,True
NewsAPI,Vi Vodafone Idea,The Times of India,"'Worst behind us, Vodafone Idea starting FY27 with a clear plan', says executive","Vodafone Idea is gearing up for a transformative leap in capital investments, set to kick off in the first quarter of FY27. With a bold vision for a ₹45,000 crore network expansion over the next three years, Vi is strategically positioning itself in the marke…","'Worst behind us, Vodafone Idea starting FY27 with a clear plan', says executive Vodafone Idea is gearing up for a transformative leap in capital investments, set to kick off in the first quarter of FY27. With a bold vision for a ₹45,000 crore network expansion over the next three years, Vi is strategically positioning itself in the marke…",2026-05-18T20:15:26Z,https://economictimes.indiatimes.com/industry/telecom/telecom-news/worst-behind-us-vodafone-idea-starting-fy27-with-a-clear-plan-says-executive/articleshow/131185625.cms,Positive,0.273,0.0,False
NewsAPI,BSNL service,MediaNama.com,"Duplicate SIM exposes a structural flaw in UPI, Karnataka HC ruling shows","The negligent issuance of the duplicate SIM gave the fraudster control of the victim's financial identity, as mobile numbers remain the key channel for OTP verifications for RTGS/NEFT and also UPI resets. 
The post Duplicate SIM exposes a structural flaw in U…","Duplicate SIM exposes a structural flaw in UPI, Karnataka HC ruling shows The negligent issuance of the duplicate SIM gave the fraudster control of the victim's financial identity, as mobile numbers remain the key channel for OTP verifications for RTGS/NEFT and also UPI resets. 
The post Duplicate SIM exposes a structural flaw in U…",2026-06-08T11:13:56Z,https://www.medianama.com/2026/06/223-duplicate-sim-structural-flaw-upi/,Negative,-0.67,67.0,False
NewsAPI,BSNL service,BusinessLine,"Buzzing stocks: Allied Blenders, RailTel, TVS Motor Co, RInfra, Ixigo, HCC,","Focus will also be on  Alembic Pharma, Glenmark, Nibe Defence, Asian Energy, Innovation, HEC Infra projects","Buzzing stocks: Allied Blenders, RailTel, TVS Motor Co, RInfra, Ixigo, HCC, Focus will also be on  Alembic Pharma, Glenmark, Nibe Defence, Asian Energy, Innovation, HEC Infra projects",2026-06-08T02:01:58Z,https://www.thehindubusinessline.com/markets/buzzing-stocks-allied-blenders-railtel-tvs-motor-co-rinfra-ixigo-hcc/article71074976.ece,Positive,0.625,0.0,False
NewsAPI,BSNL service,The Times of India,History-sheeter arrested in road rage assault case,Vanchiyoor police arrested history-sheeter Shyamkumar for allegedly assaulting a BSNL employee and his teen son after a road-block dispute; case booked for attempt to murder.,History-sheeter arrested in road rage assault case Vanchiyoor police arrested history-sheeter Shyamkumar for allegedly assaulting a BSNL employee and his teen son after a road-block dispute; case booked for attempt to murder.,2026-06-06T18:57:09Z,https://timesofindia.indiatimes.com/city/thiruvananthapuram/history-sheeter-arrested-in-road-rage-assault-case/articleshow/131558177.cms,Negative,-0.976,97.6,False
NewsAPI,BSNL service,The Times of India,CBI court sentences former BSNL officer to 3 years rigorous imprisonment in disproportionate assets case,CBI court in Ranchi sentences ex-BSNL technical officer Ram Binod Singh to 3 years RI and Rs 25 lakh fine in 2007 disproportionate assets case.,CBI court sentences former BSNL officer to 3 years rigorous imprisonment in disproportionate assets case CBI court in Ranchi sentences ex-BSNL technical officer Ram Binod Singh to 3 years RI and Rs 25 lakh fine in 2007 disproportionate assets case.,2026-05-29T16:57:09Z,https://timesofindia.indiatimes.com/city/ranchi/cbi-court-sentences-former-bsnl-officer-to-3-years-rigorous-imprisonment-in-disproportionate-assets-case/articleshow/131395236.cms,Positive,0.361,0.0,True
NewsAPI,BSNL service,The Times of India,"BSNL SET exam date announced, admit cards to be released soon: Check complete details here","BSNL has announced the Senior Executive Trainee (SET) exam date for July 5, 2026, for Telecom and Finance streams. A total of 120 vacancies are available. The exam features 200 objective questions with a three-hour duration and negative marking. Admit cards a…","BSNL SET exam date announced, admit cards to be released soon: Check complete details here BSNL has announced the Senior Executive Trainee (SET) exam date for July 5, 2026, for Telecom and Finance streams. A total of 120 vacancies are available. The exam features 200 objective questions with a three-hour duration and negative marking. Admit cards a…",2026-05-29T02:29:14Z,https://timesofindia.indiatimes.com/education/news/bsnl-set-exam-date-announced-admit-cards-to-be-released-soon-check-complete-details-here/articleshow/131380300.cms,Negative,-0.273,27.3,False
NewsAPI,BSNL service,The Times of India,"Telecom subscriber base grows to 133.7 cr in April, Airtel stays on top: Trai data","Bharti Airtel secured the top spot in subscriber growth for April. The company added 34.82 lakh new customers, surpassing rival Reliance Jio in net additions for both wireless and wireline segments. India's total telecom subscriber base reached an all-time hi…","Telecom subscriber base grows to 133.7 cr in April, Airtel stays on top: Trai data Bharti Airtel secured the top spot in subscriber growth for April. The company added 34.82 lakh new customers, surpassing rival Reliance Jio in net additions for both wireless and wireline segments. India's total telecom subscriber base reached an all-time hi…",2026-05-26T16:27:47Z,https://economictimes.indiatimes.com/industry/telecom/telecom-subscriber-base-grows-to-133-7-cr-in-april-airtel-stays-on-top-trai-data/articleshow/131333165.cms,Positive,0.807,0.0,False
NewsAPI,BSNL service,BusinessLine,"BSNL revenue rises to ₹25,000 crore, up by 25% in two years, says MoS Pemmasani","The Ministry of Communications attributed this growth to structural adjustments, infrastructure upgrades, and a shift toward private-sector operational discipline","BSNL revenue rises to ₹25,000 crore, up by 25% in two years, says MoS Pemmasani The Ministry of Communications attributed this growth to structural adjustments, infrastructure upgrades, and a shift toward private-sector operational discipline",2026-05-26T05:23:36Z,https://www.thehindubusinessline.com/info-tech/bsnl-revenue-rises-to-25000-crore-up-by-25-in-two-years-says-mos-pemmasani/article71023700.ece,Positive,0.459,0.0,False
NewsAPI,BSNL service,The Times of India,"BSNL revenue rises 19% to Rs 25,000 crore in two years; tariff cheaper than pvt telcos: MoS Telecom","State-owned BSNL has seen a significant revenue jump of 19 percent, reaching Rs 25,000 crore in two years. This financial turnaround is attributed to improved infrastructure and operational efficiency. The company's EBITDA has also seen a dramatic increase.","BSNL revenue rises 19% to Rs 25,000 crore in two years; tariff cheaper than pvt telcos: MoS Telecom State-owned BSNL has seen a significant revenue jump of 19 percent, reaching Rs 25,000 crore in two years. This financial turnaround is attributed to improved infrastructure and operational efficiency. The company's EBITDA has also seen a dramatic increase.",2026-05-25T17:06:19Z,https://economictimes.indiatimes.com/industry/telecom/telecom-news/bsnl-revenue-rises-19-to-rs-25000-crore-in-two-years-tariff-cheaper-than-pvt-telcos-mos-telecom/articleshow/131314086.cms,Positive,0.859,0.0,False
NewsAPI,BSNL service,BusinessLine,BSNL revenue jumps 19% in two years on infrastructure improvements,"BSNL’s revenue has risen to ₹25,000 crore in two years, while EBITDA surged to nearly ₹7,000 crore amid infrastructure upgrades and 4G rollout.","BSNL revenue jumps 19% in two years on infrastructure improvements BSNL’s revenue has risen to ₹25,000 crore in two years, while EBITDA surged to nearly ₹7,000 crore amid infrastructure upgrades and 4G rollout.",2026-05-25T16:43:10Z,https://www.thehindubusinessline.com/info-tech/bsnl-revenue-jumps-19-in-two-years-on-infrastructure-improvements/article71022471.ece,Positive,0.318,0.0,False
NewsAPI,BSNL service,BusinessLine,Sensex today | Stock Market Highlights: Stock markets rebound; Sensex climbs 117 points on fag-end buying,"Sensex Today, Nifty 50 | Stock Market Highlights - Find here all the highlights related to Sensex, Nifty, BSE, NSE, share prices and Indian stock markets for 20th May 2026.","Sensex today | Stock Market Highlights: Stock markets rebound; Sensex climbs 117 points on fag-end buying Sensex Today, Nifty 50 | Stock Market Highlights - Find here all the highlights related to Sensex, Nifty, BSE, NSE, share prices and Indian stock markets for 20th May 2026.",2026-05-20T10:45:23Z,https://www.thehindubusinessline.com/markets/sensex-nifty50-today-stock-market-highlights-20th-may-2026/article70997810.ece,Positive,0.765,0.0,False
NewsAPI,telecom complaint India,The Times of India,Digital arrest: How India’s fastest-growing scam uses fake investigations and video calls to siphon off crores,"They pose as the police, put you under ‘digital arrest’, and tether you to a video call till your savings are gone. How India’s fastest growing fear scam, and other cyber frauds, work.","Digital arrest: How India’s fastest-growing scam uses fake investigations and video calls to siphon off crores They pose as the police, put you under ‘digital arrest’, and tether you to a video call till your savings are gone. How India’s fastest growing fear scam, and other cyber frauds, work.",2026-06-08T01:00:00Z,https://economictimes.indiatimes.com/wealth/save/digital-arrest-how-indias-fastest-growing-scam-uses-fake-investigations-and-video-calls-to-siphon-off-crores/articleshow/131538736.cms,Negative,-0.957,95.7,False
NewsAPI,telecom complaint India,MediaNama.com,"TRAI Sees No Immediate Net Neutrality Breach in Airtel’s Priority 5G Plan, Seeks More Data","TRAI is reviewing Airtel's Priority Postpaid plan to determine whether its premium 5G service complies with net neutrality rules.
The post TRAI Sees No Immediate Net Neutrality Breach in Airtel’s Priority 5G Plan, Seeks More Data appeared first on MEDIANAMA.","TRAI Sees No Immediate Net Neutrality Breach in Airtel’s Priority 5G Plan, Seeks More Data TRAI is reviewing Airtel's Priority Postpaid plan to determine whether its premium 5G service complies with net neutrality rules.
The post TRAI Sees No Immediate Net Neutrality Breach in Airtel’s Priority 5G Plan, Seeks More Data appeared first on MEDIANAMA.",2026-06-03T08:01:14Z,https://www.medianama.com/2026/06/223-trai-airtel-priority-postpaid-net-neutrality/,Negative,-0.527,52.7,False
NewsAPI,telecom complaint India,The Times of India,Operation Octopus: Trapping the tentacles of India’s cyber fraud network,"Amidst the alarming increase in cyber scams, the Hyderabad Police have initiated Operation Octopus, a mission aimed at dismantling the entire fraud network. This sweeping strategy addresses everything from street-level con artists to shadowy masterminds opera…","Operation Octopus: Trapping the tentacles of India’s cyber fraud network Amidst the alarming increase in cyber scams, the Hyderabad Police have initiated Operation Octopus, a mission aimed at dismantling the entire fraud network. This sweeping strategy addresses everything from street-level con artists to shadowy masterminds opera…",2026-05-31T03:32:32Z,https://economictimes.indiatimes.com/news/india/operation-octopus-trapping-the-tentacles-of-indias-cyber-fraud-network/articleshow/131418289.cms,Negative,-0.891,89.1,False
NewsAPI,telecom complaint India,The Times of India,"Can you use UPI abroad? Here’s what Indian travellers must know about charges, limits and security risks","Indian travellers are increasingly using UPI abroad for convenient payments, but understanding its limitations and risks is crucial. While cheaper than cards in select countries like UAE and Singapore, UPI acceptance is uneven, and backup payment options are …","Can you use UPI abroad? Here’s what Indian travellers must know about charges, limits and security risks Indian travellers are increasingly using UPI abroad for convenient payments, but understanding its limitations and risks is crucial. While cheaper than cards in select countries like UAE and Singapore, UPI acceptance is uneven, and backup payment options are …",2026-05-29T01:00:00Z,https://economictimes.indiatimes.com/wealth/spend/can-you-use-upi-abroad-heres-what-indian-travellers-must-know-about-charges-limits-and-security-risks/articleshow/131368748.cms,Positive,0.637,0.0,False
NewsAPI,telecom churn India,BusinessLine,Apna eyes ₹150 crore revenue from AI-led push for India’s 300 million blue-collar workers,Multilingual interview bots and employability tools are helping first-time job seekers cross the formal-sector divide,Apna eyes ₹150 crore revenue from AI-led push for India’s 300 million blue-collar workers Multilingual interview bots and employability tools are helping first-time job seekers cross the formal-sector divide,2026-06-08T06:12:09Z,https://www.thehindubusinessline.com/info-tech/apna-eyes-150-crore-revenue-from-ai-led-push-for-indias-300-million-blue-collar-workers/article71072753.ece,Positive,0.296,0.0,False
NewsAPI,telecom churn India,The Times of India,Kuku readies public market debut; SoftBank books Lenskart bonanza,Kuku Technologies has taken the first step towards a stock market listing. This and more in today's ETtech Top 5.,Kuku readies public market debut; SoftBank books Lenskart bonanza Kuku Technologies has taken the first step towards a stock market listing. This and more in today's ETtech Top 5.,2026-06-04T13:21:47Z,https://economictimes.indiatimes.com/tech/newsletters/tech-top-5/kuku-readies-public-market-debut-softbank-books-lenskart-bonanza/articleshow/131508229.cms,Positive,0.202,0.0,False
NewsAPI,telecom churn India,The Times of India,Kuku FM readies public market debut; SoftBank books Lenskart gains,Kuku FM has taken the first step towards a stock market listing. This and more in today's ETtech Top 5.,Kuku FM readies public market debut; SoftBank books Lenskart gains Kuku FM has taken the first step towards a stock market listing. This and more in today's ETtech Top 5.,2026-06-04T13:21:47Z,https://economictimes.indiatimes.com/tech/newsletters/tech-top-5/kuku-fm-readies-public-market-debut-softbank-books-lenskart-gains/articleshow/131508229.cms,Positive,0.494,0.0,False
NewsAPI,telecom churn India,The Times of India,"Telecom users up nearly 7 million in April; Airtel, Jio gain most","India's telecom subscriber base expanded by 6.96 million in April, reaching 1.34 billion, primarily due to robust wireless additions. Reliance Jio and Bharti Airtel led the growth, with Jio maintaining the largest wireless subscriber base and market share. Th…","Telecom users up nearly 7 million in April; Airtel, Jio gain most India's telecom subscriber base expanded by 6.96 million in April, reaching 1.34 billion, primarily due to robust wireless additions. Reliance Jio and Bharti Airtel led the growth, with Jio maintaining the largest wireless subscriber base and market share. Th…",2026-05-26T19:57:10Z,https://economictimes.indiatimes.com/industry/telecom/telecom-users-up-nearly-7-million-in-april-airtel-jio-gain-most/articleshow/131337092.cms,Positive,0.886,0.0,False
NewsAPI,telecom churn India,Livemint,"Vodafone Idea draws up ₹1 trillion cash strategy amid dues, capex push","Vodafone Idea's plan comes as analysts raise concerns about the company’s future payment obligations to clear spectrum dues, and the company is confident it can raise funds from a State Bank of India-led consortium.","Vodafone Idea draws up ₹1 trillion cash strategy amid dues, capex push Vodafone Idea's plan comes as analysts raise concerns about the company’s future payment obligations to clear spectrum dues, and the company is confident it can raise funds from a State Bank of India-led consortium.",2026-05-18T13:54:19Z,https://www.livemint.com/companies/news/vodafone-idea-financial-roadmap-cash-strategy-dues-capex-turnaround-funding-11779106252434.html,Positive,0.7,0.0,False
NewsAPI,telecom churn India,The Times of India,Airtel to set up 56 edge data centres within 2 yrs; tariff structure in India needs to change: Gopal Vittal,Bharti Airtel is set to build 56 edge data centers in the next 18 to 24 months. This expansion aims to significantly scale up the company's business in the data center segment. The move is part of a larger strategy to strengthen infrastructure and gain market…,Airtel to set up 56 edge data centres within 2 yrs; tariff structure in India needs to change: Gopal Vittal Bharti Airtel is set to build 56 edge data centers in the next 18 to 24 months. This expansion aims to significantly scale up the company's business in the data center segment. The move is part of a larger strategy to strengthen infrastructure and gain market…,2026-05-14T16:09:16Z,https://economictimes.indiatimes.com/industry/telecom/telecom-news/airtel-to-set-up-56-edge-data-centres-within-2-yrs-tariff-structure-in-india-needs-to-change-gopal-vittal/articleshow/131098044.cms,Positive,0.691,0.0,False
NewsAPI,telecom churn India,The Times of India,India crowns Meta AI; More layoffs hit tech,"India is now the ground zero for Meta’s AI push, WhatsApp chief Will Cathcart told us. This and more in today’s ETtech Top 5.","India crowns Meta AI; More layoffs hit tech India is now the ground zero for Meta’s AI push, WhatsApp chief Will Cathcart told us. This and more in today’s ETtech Top 5.",2026-05-14T13:37:43Z,https://economictimes.indiatimes.com/tech/newsletters/tech-top-5/india-crowns-meta-ai-more-layoffs-hit-tech/articleshow/131094466.cms,Positive,0.202,0.0,False
